{
    "model": "RandomForestRegressor",
    "metrics": {
        "mae": 73.44958675946933,
        "mse": 7609.169559106711,
        "rmse": 87.23055404562504,
        "r2": -0.37175664400599984,
        "mape": 0.058881985640471673
    },
    "params": {
        "n_estimators": 200,
        "max_depth": 10,
        "min_samples_split": 2,
        "min_samples_leaf": 1,
        "random_state": 42
    }
}