{
    "model": "RandomForestRegressor",
    "metrics": {
        "mae": 73.44958675946928,
        "mse": 7609.169559106703,
        "rmse": 87.230554045625,
        "r2": -0.3717566440059983,
        "mape": 0.05888198564047164
    },
    "params": {
        "n_estimators": 200,
        "max_depth": 10,
        "min_samples_split": 2,
        "min_samples_leaf": 1,
        "random_state": 42
    }
}